name,format,year
IMG_9388.jpg,.jpg,2025
IMG_9389.jpg,.jpg,2025
IMG_9390.jpg,.jpg,2025
IMG_9393.jpg,.jpg,2025
IMG_9396.jpg,.jpg,2025
IMG_9397.jpg,.jpg,2025
IMG_9401.jpg,.jpg,2025
IMG_9402.jpg,.jpg,2025
IMG_9405.jpg,.jpg,2025
IMG_9413.jpg,.jpg,2025
IMG_9416.jpg,.jpg,2025
IMG_9420.jpg,.jpg,2025
IMG_9421.jpg,.jpg,2025
IMG_9422.jpg,.jpg,2025
IMG_9424.jpg,.jpg,2025
IMG_9425.jpg,.jpg,2025
IMG_9426.jpg,.jpg,2025
IMG_9428.jpg,.jpg,2025
IMG_9429.jpg,.jpg,2025
IMG_9430.jpg,.jpg,2025
IMG_9431.jpg,.jpg,2025
IMG_9432.jpg,.jpg,2025
IMG_9433.jpg,.jpg,2025
IMG_9436.jpg,.jpg,2025
IMG_9437.jpg,.jpg,2025
IMG_9440.jpg,.jpg,2025
IMG_9441.jpg,.jpg,2025
IMG_9442.jpg,.jpg,2025
IMG_9443.jpg,.jpg,2025
IMG_9445.jpg,.jpg,2025
IMG_9446.jpg,.jpg,2025
IMG_9448.jpg,.jpg,2025
IMG_9450.jpg,.jpg,2025
IMG_9451.jpg,.jpg,2025
IMG_9453.jpg,.jpg,2025
IMG_9454.jpg,.jpg,2025
IMG_9466.jpg,.jpg,2025
IMG_9468.jpg,.jpg,2025
IMG_9469.jpg,.jpg,2025
IMG_9470.jpg,.jpg,2025
IMG_9474.jpg,.jpg,2025
IMG_9483.jpg,.jpg,2025
IMG_9484.jpg,.jpg,2025
IMG_9493.jpg,.jpg,2025
IMG_9496.jpg,.jpg,2025
IMG_9497.jpg,.jpg,2025
IMG_9501.jpg,.jpg,2025
IMG_9504.jpg,.jpg,2025
IMG_9505.jpg,.jpg,2025
IMG_9506.jpg,.jpg,2025
IMG_9507.jpg,.jpg,2025
IMG_9508.jpg,.jpg,2025
IMG_9510.jpg,.jpg,2025
IMG_9515.jpg,.jpg,2025
IMG_9516.jpg,.jpg,2025
IMG_9517.JPG,.JPG,2025
IMG_9518.JPG,.JPG,2025
IMG_9519.JPG,.JPG,2025
IMG_9520.JPG,.JPG,2025
IMG_9521.JPG,.JPG,2025
IMG_9522.JPG,.JPG,2025
IMG_9523.JPG,.JPG,2025
IMG_9524.JPG,.JPG,2025
IMG_9525.JPG,.JPG,2025
IMG_9526.JPG,.JPG,2025
IMG_9527.JPG,.JPG,2025
IMG_9528.JPG,.JPG,2025
P8130346.jpg,.jpg,2025
P8130347.JPG,.JPG,2025
P8130348.JPG,.JPG,2025
P8130349.JPG,.JPG,2025
P8130350.JPG,.JPG,2025
P8130351.JPG,.JPG,2025
P8130352.jpg,.jpg,2025
P8130353.JPG,.JPG,2025
P8130354.JPG,.JPG,2025
P8130355.JPG,.JPG,2025
P8130356.jpg,.jpg,2025
P8130357.jpg,.jpg,2025
P8130358.jpg,.jpg,2025
P8130359.JPG,.JPG,2025
P8130360.jpg,.jpg,2025
P8130361.JPG,.JPG,2025
P8130363.JPG,.JPG,2025
P8130365.JPG,.JPG,2025
P8130367.JPG,.JPG,2025
P8130368.jpg,.jpg,2025
P8130369.JPG,.JPG,2025
P8130370.JPG,.JPG,2025
P8130371.JPG,.JPG,2025
P8130372.JPG,.JPG,2025
P8130373.jpg,.jpg,2025
P8130374.JPG,.JPG,2025
P8130375.jpg,.jpg,2025
P8130376.JPG,.JPG,2025
P8130377.JPG,.JPG,2025
P8130379.jpg,.jpg,2025
P8130380.JPG,.JPG,2025
P8130383.JPG,.JPG,2025
P8130387.JPG,.JPG,2025
P8130388.jpg,.jpg,2025
P8130390.JPG,.JPG,2025
P8130391.jpg,.jpg,2025
P8130392.JPG,.JPG,2025
P8130393.JPG,.JPG,2025
P8130394.JPG,.JPG,2025
P8130395.JPG,.JPG,2025
P8130396.JPG,.JPG,2025
P8130397.jpg,.jpg,2025
P8130398.jpg,.jpg,2025
P8130399.JPG,.JPG,2025
P8130400.jpg,.jpg,2025
P8130403.jpg,.jpg,2025
P8130405.JPG,.JPG,2025
P8130406.JPG,.JPG,2025
P8130407.JPG,.JPG,2025
P8130408.JPG,.JPG,2025
P8130409.JPG,.JPG,2025
P8130410.JPG,.JPG,2025
P8130411.JPG,.JPG,2025
P8130412.JPG,.JPG,2025
P8130413.JPG,.JPG,2025
P8130414.jpg,.jpg,2025
P8130415.JPG,.JPG,2025
P8130419.JPG,.JPG,2025
P8130420.JPG,.JPG,2025
P8130421.jpg,.jpg,2025
P8130422.jpg,.jpg,2025
P8130424.JPG,.JPG,2025
P8130426.JPG,.JPG,2025
P8130427.JPG,.JPG,2025
P8130428.JPG,.JPG,2025
P8130429.JPG,.JPG,2025
P8130430.JPG,.JPG,2025
P8130431.JPG,.JPG,2025
P8130432.JPG,.JPG,2025
P8130433.JPG,.JPG,2025
P8130434.JPG,.JPG,2025
P8130435.JPG,.JPG,2025
P8130436.JPG,.JPG,2025
P8130437.jpg,.jpg,2025
P8130438.jpg,.jpg,2025
P8130443.jpg,.jpg,2025
P8130450.jpg,.jpg,2025
